Parcel Number,Sale Date,Sale Amount,Address,Style,Year Built,Total SF,Lot Area,Appraised Value,Recording
1010180001,08/01/2013,"$50,000","427 N DODGE ST, IOWA CITY",2 Story Frame,1880,1188,"6,000","$152,790",5141-586
1014158001,01/25/2013,"$65,000","1731 E ST, IOWA CITY",2 Story Frame,1920,880,"3,325","$199,300",5043-723
1014306005,02/27/2013,"$83,000","1120 FRANKLIN ST, IOWA CITY",1 Story Frame,1935,699,"8,400","$173,330",5057-663
1016403018,08/23/2013,"$85,000","316 DOUGLASS CT, IOWA CITY",1 Story Frame,1956,768,"5,100","$150,860",5153-513
1014456009,11/25/2013,"$86,000","1809 DEFOREST AVE, IOWA CITY",Split Foyer Frame,1964,960,"12,138","$245,930",5184-107
1016402009,06/26/2013,"$87,000","402 DOUGLASS ST, IOWA CITY",1 Story Frame,1955,672,"5,590","$124,850",5121-839
1014110006,10/04/2013,"$88,000","2128 FRIENDSHIP ST, IOWA CITY",1 Story Frame,1950,480,"6,800","$145,660",5171-889
1003484005,02/12/2013,"$92,000","1024 N GOVERNOR ST, IOWA CITY",1 1/2 Story Frame,1900,666,"7,200","$139,660",5054-619
1014109004,01/10/2013,"$92,500","519 S 1ST AVE, IOWA CITY",2 Story Frame,1920,1384,"12,000","$376,270",5039-220
1015409001,05/17/2013,"$93,400","1202 MARCY ST, IOWA CITY",1 Story Frame,1900,720,"6,250","$169,010",5104-469
1016155009,01/10/2013,"$95,000","442 W BENTON ST, IOWA CITY",1 Story Frame,1953,672,"7,000","$143,540",5040-938
1015411001,11/09/2013,"$97,000","1217 KEOKUK ST, IOWA CITY",1 Story Frame,1920,880,"6,962","$150,830",5180-894
1023401004,06/15/2013,"$98,000","2312 NEVADA AVE, IOWA CITY",1 Story Frame,1962,1200,"8,775","$216,110",5124-220
1002301015,11/01/2013,"$100,000","1353 DODGE STREET CT, IOWA CITY",1 Story Frame,1900,1250,"23,087","$192,210",5188-754
1014345004,09/27/2013,"$105,000","1023 FRIENDLY AVE, IOWA CITY",1 Story Frame,1900,923,"6,250","$155,670",5168-1
1016188014,07/31/2013,"$105,000","711 ORCHARD ST, IOWA CITY",1 Story Frame,1942,1437,"11,970","$233,730",5142-929
1023198003,07/31/2013,"$105,000","2108 WESTERN RD, IOWA CITY",1 Story Frame,1961,1152,"8,125","$188,980",5142-271
1024331004,12/05/2013,"$107,000","2413 WHISPERING PRAIRIE AVE, IOWA CITY",Split Foyer Frame,1992,742,"8,125","$160,840",5188-596
1023401001,07/02/2013,"$108,000","2306 MIAMI DR, IOWA CITY",1 Story Frame,1966,1056,"7,560","$181,860",5123-627
1014345006,06/12/2013,"$110,000","1011 FRIENDLY AVE, IOWA CITY",1 Story Frame,1900,832,"6,250","$175,010",5116-74
1010408026,10/11/2013,"$112,000","921 E JEFFERSON ST, IOWA CITY",1 Story Frame,1897,933,"10,496","$234,690",5169-804
1014340012,10/28/2013,"$112,000","1213 YEWELL ST, IOWA CITY",1 Story Frame,1945,1092,"6,250","$179,330",5176-224
1014340013,06/28/2013,"$112,000","1215 YEWELL ST, IOWA CITY",1 Story Brick,1936,1037,"5,375","$193,420",5129-672
1011318003,01/21/2013,"$112,500","1179 E JEFFERSON ST, IOWA CITY",1 Story Frame,1955,960,"9,750","$189,740",5042-923
1014376013,04/29/2013,"$112,500","1425 SYCAMORE ST, IOWA CITY",Split Foyer Frame,1963,768,"6,148","$209,040",5085-293
1014476004,11/11/2013,"$115,000","1343 S 1ST AVE, IOWA CITY",1 Story Frame,1990,1058,"9,600","$179,460",5181-83
1023185004,12/30/2013,"$115,000","2229 HOLLYWOOD BLVD, IOWA CITY",1 Story Frame,1962,864,"7,500","$143,130",5194-433
1023279004,06/13/2013,"$115,000","2149 BANCROFT DR, IOWA CITY",1 Story Frame,1977,1230,"8,750","$258,390",5110-214
1023407017,08/07/2013,"$115,000","2503 NEVADA AVE, IOWA CITY",Split Foyer Frame,1971,888,"6,900","$178,240",5144-338
1023184007,05/24/2013,"$115,750","2006 UNION RD, IOWA CITY",1 Story Frame,1965,864,"8,979","$200,450",5098-254
1023402003,04/05/2013,"$116,500","2401 MIAMI DR, IOWA CITY",1 Story Frame,1962,864,"7,560","$190,870",5074-502
1011283007,11/22/2013,"$117,000","1339 E BLOOMINGTON ST, IOWA CITY",2 Story Frame,1974,1230,"8,000","$301,550",5184-94
1014353010,08/12/2013,"$117,000","1420 BROADWAY ST, IOWA CITY",1 1/2 Story Frame,1900,1113,"6,250","$194,520",5149-478
1014411002,08/14/2013,"$117,500","1228 3RD AVE, IOWA CITY",1 Story Frame,1946,920,"6,975","$193,970",5148-248
1015412002,09/27/2013,"$117,500","1306 CARROLL ST, IOWA CITY",1 Story Frame,1955,1040,"6,000","$191,870",5166-340
1023131004,10/02/2013,"$119,000","1921 GRANTWOOD ST, IOWA CITY",Split Foyer Frame,1981,1028,"7,800","$234,110",5172-209
1010186007,06/14/2013,"$120,000","713 E DAVENPORT ST, IOWA CITY",2 Story Frame,1900,1234,"6,000","$171,700",5109-604
1013329008,05/24/2013,"$120,000","1100 S 1ST AVE, IOWA CITY",1 Story Frame,1957,957,"6,300","$168,620",5098-590
1015452007,11/08/2013,"$120,000","1413 PLUM ST, IOWA CITY",1 Story Frame,1954,912,"9,455","$207,720",5178-884
1015483002,04/26/2013,"$120,000","937 COTTONWOOD AVE, IOWA CITY",1 Story Frame,1961,864,"6,160","$190,860",5085-334
1023233002,03/06/2013,"$121,100","1239 HOLLYWOOD BLVD, IOWA CITY",1 Story Frame,1968,1060,"9,867","$228,460",5069-47
1003477002,06/28/2013,"$121,500","1010 N DODGE ST, IOWA CITY",2 Story Brick,1900,1280,"12,000","$217,150",5119-949
1014381001,03/01/2013,"$122,900","1401 ASH ST, IOWA CITY",1 Story Frame,1958,960,"8,694","$212,940",5061-26
1023157004,01/11/2013,"$123,000","2026 GRANTWOOD ST, IOWA CITY",1 Story Frame,1973,876,"7,620","$207,250",5052-898
1015452002,06/01/2013,"$123,100","1403 PLUM ST, IOWA CITY",1 Story Frame,1955,936,"8,460","$203,120",5111-234
1023402004,06/03/2013,"$123,900","2405 MIAMI DR, IOWA CITY",1 Story Frame,1967,912,"7,560","$211,370",5106-547
1013134001,04/03/2013,"$124,000","3037 FRIENDSHIP ST, IOWA CITY",1 Story Frame,1963,912,"10,716","$225,210",5074-717
1023205006,07/08/2013,"$124,000","1504 TRACY LN, IOWA CITY",Split Foyer Frame,1966,944,"9,375","$197,410",5125-578
1013304007,02/20/2013,"$125,000","1027 CARVER ST, IOWA CITY",1 Story Frame,1964,960,"7,980","$201,490",5054-783
1014381003,02/27/2013,"$125,000","1406 FRANKLIN ST, IOWA CITY",1 Story Frame,1955,1120,"7,560","$210,290",5058-697
1023209017,08/01/2013,"$125,000","1504 CROSBY LN, IOWA CITY",1 Story Frame,1967,864,"8,450","$196,780",5149-528
1014104001,07/11/2013,"$127,000","401 4TH AVE, IOWA CITY",1 Story Frame,1952,888,"5,050","$183,650",5128-21
1014316002,03/12/2013,"$127,000","1205 FRANKLIN ST, IOWA CITY",1 Story Frame,1954,900,"7,504","$183,900",5063-961
1023156008,11/24/2013,"$127,000","1819 GLEASON AVE, IOWA CITY",1 Story Frame,1973,1008,"6,900","$233,540",5185-527
1023183003,06/28/2013,"$127,000","2008 WESTERN RD, IOWA CITY",1 Story Frame,1960,1052,"8,125","$200,370",5118-988
1014418001,03/28/2013,"$127,290","2207 J ST, IOWA CITY",1 Story Frame,1951,616,"6,800","$187,240",5071-903
1015477007,03/21/2013,"$128,000","926 COTTONWOOD AVE, IOWA CITY",1 Story Frame,1962,940,"7,670","$212,840",5077-753
1011385003,06/28/2013,"$128,900","1224 MUSCATINE AVE, IOWA CITY",1 Story Frame,1920,868,"4,750","$221,430",5124-611
1014132013,12/16/2013,"$129,000","440 WALES ST, IOWA CITY",1 Story Frame,1940,1174,"7,800","$248,360",5193-243
1014378007,07/19/2013,"$129,000","1426 PINE ST, IOWA CITY",1 Story Frame,1955,936,"6,095","$209,040",5135-144
1023204006,07/18/2013,"$130,000","1607 HOLLYWOOD BLVD, IOWA CITY",1 Story Frame,1966,1144,"9,660","$212,490",5143-752
1023276004,07/18/2013,"$131,000","1607 CROSBY LN, IOWA CITY",1 Story Frame,1966,896,"8,125","$217,920",5143-714
1015156001,08/13/2013,"$132,000","421 E BENTON ST, IOWA CITY",2 Story Frame,1906,1124,"5,400","$206,320",5146-331
1011318002,02/20/2013,"$133,000","1185 E JEFFERSON ST, IOWA CITY",1 Story Frame,1955,960,"9,750","$202,810",5057-729
1014312009,07/26/2013,"$133,600","1136 SPRUCE ST, IOWA CITY",1 Story Frame,1963,864,"9,520","$221,010",5145-959
1014361023,01/31/2013,"$134,000","1620 RIDGE ST, IOWA CITY",1 Story Frame,1966,936,"6,930","$229,590",5049-637
1023184006,08/30/2013,"$134,000","2004 UNION RD, IOWA CITY",1 Story Frame,1963,1080,"9,095","$212,540",5154-591
0918232003,04/15/2013,"$134,500","3501 VISTA PARK DR, IOWA CITY",1 Story Frame,1986,962,"9,258","$204,130",5081-152
1023204009,04/15/2013,"$135,000","1513 HOLLYWOOD BLVD, IOWA CITY",1 Story Frame,1965,1318,"9,940","$254,340",5085-482
1023209012,04/01/2013,"$135,000","1404 CROSBY LN, IOWA CITY",1 Story Frame,1967,988,"10,725","$239,050",5077-704
1023131006,01/06/2013,"$135,500","1933 GRANTWOOD ST, IOWA CITY",Split Foyer Frame,1981,1028,"7,800","$238,210",5045-232
1023408022,12/09/2013,"$136,000","21 REGAL LN, IOWA CITY",Split Foyer Frame,1971,888,"6,900","$213,080",5189-561
1014284009,03/15/2013,"$137,000","911 S 7TH AVE, IOWA CITY",1 Story Brick,1940,960,"6,250","$223,380",5068-924
1014101007,08/28/2013,"$137,500","423 S 1ST AVE, IOWA CITY",1 Story Frame,1955,1210,"7,500","$224,100",5153-574
1014103005,03/14/2013,"$137,500","2003 E COURT ST, IOWA CITY",2 Story Frame,1922,1352,"6,000","$204,820",5068-873
1014320005,03/12/2013,"$137,500","1317 SPRUCE ST, IOWA CITY",1 Story Frame,1958,960,"8,710","$229,060",5074-374
1013107010,02/21/2013,"$138,500","3226 FRIENDSHIP ST, IOWA CITY",1 Story Frame,1965,1008,"9,940","$253,760",5055-202
1013303006,06/05/2013,"$139,000","1108 CARVER ST, IOWA CITY",1 Story Frame,1962,960,"6,420","$223,170",5114-637
1014160006,03/15/2013,"$139,000","1908 F ST, IOWA CITY",1 Story Frame,1930,1276,"7,820","$196,090",5065-736
1014361014,10/31/2013,"$139,500","1155 DOWNEY DR, IOWA CITY",Split Level Frame,1964,1050,"13,650","$225,380",5176-603
1014133007,11/01/2013,"$139,650","430 S 7TH AVE, IOWA CITY",1 Story Frame,1926,766,"3,485","$185,000",5177-744
1013229013,11/08/2013,"$140,000","503 UPLAND AVE, IOWA CITY",1 Story Frame,1958,988,"9,750","$217,430",5180-395
1015436002,04/09/2013,"$140,000","625 DIANA CT, IOWA CITY",1 Story Frame,1955,948,"6,138","$221,830",5077-374
1023405001,04/11/2013,"$140,900","2323 NEVADA AVE, IOWA CITY",Split Foyer Frame,1971,864,"6,045","$212,210",5083-491
1014455013,04/30/2013,"$141,900","1813 LOWER MUSCATINE RD, IOWA CITY",2 Story Frame,1900,1907,"9,615","$261,230",5085-433
1012326002,09/27/2013,"$142,000","3 GEORGETOWN CIR, IOWA CITY",2 Story Frame,1971,1904,"20,235","$385,850",5166-336
1023163004,07/26/2013,"$143,000","1721 GRANTWOOD DR, IOWA CITY",1 Story Frame,1975,874,"10,150","$234,300",5138-711
1013309008,03/06/2013,"$143,500","1112 DOVER ST, IOWA CITY",Split Foyer Frame,1965,1053,"6,420","$227,240",5064-992
1023155010,07/01/2013,"$144,000","1808 GLEASON AVE, IOWA CITY",Split Foyer Frame,1973,976,"7,130","$254,320",5128-459
1012185004,05/01/2013,"$145,000","251 AMHURST ST, IOWA CITY",Split Foyer Frame,1973,1152,"12,560","$286,030",5089-165
1012376008,08/30/2013,"$145,000","158 SHRADER RD, IOWA CITY",Split Foyer Frame,1969,1198,"10,500","$327,830",5157-931
1013308003,05/30/2013,"$145,000","1121 CARVER ST, IOWA CITY",1 Story Frame,1960,992,"7,500","$226,680",5103-996
1013382016,07/23/2013,"$146,000","1515 ESTHER ST, IOWA CITY",Split Foyer Frame,1978,1034,"6,600","$233,410",5147-45
1023203015,08/23/2013,"$146,000","1328 HOLLYWOOD BLVD, IOWA CITY",1 Story Frame,1968,1184,"10,877","$227,160",5151-925
1024203001,07/24/2013,"$146,000","1721 DOVER ST, IOWA CITY",Split Foyer Frame,1980,976,"9,750","$236,410",5138-184
1014213010,08/01/2013,"$147,000","722 GRANT ST, IOWA CITY",1 Story Frame,1937,764,"6,250","$207,820",5140-678
1013426053,12/16/2013,"$147,500","3038 WAYNE AVE, IOWA CITY",Split Foyer Frame,1972,1078,"7,150","$221,970",5194-735
1014106003,07/26/2013,"$147,500","2015 A ST, IOWA CITY",1 Story Frame,1968,920,"8,700","$199,760",5141-268
1011358007,07/15/2013,"$147,600","1625 WILSON ST, IOWA CITY",1 Story Frame,1946,768,"7,000","$231,630",5137-818
1015490001,09/17/2013,"$148,000","1539 PLUM ST, IOWA CITY",1 Story Frame,1959,1158,"9,490","$231,890",5162-545
1023201006,06/05/2013,"$148,000","1504 BROOKWOOD DR, IOWA CITY",1 Story Frame,1965,1056,"7,150","$246,810",5131-16
1012481003,04/15/2013,"$149,500","167 RAVENCREST DR, IOWA CITY",1 Story Frame,1975,1464,"21,368","$372,420",5078-903
1013310001,05/02/2013,"$149,500","1102 ESSEX ST, IOWA CITY",Split Level Frame,1969,1000,"8,772","$215,340",5096-267
1013335001,06/14/2013,"$149,900","2633 WAYNE AVE, IOWA CITY",Split Level Frame,1960,1386,"9,240","$237,210",5125-675
1013335009,08/23/2013,"$149,900","1229 ARTHUR ST, IOWA CITY",Split Foyer Frame,1971,994,"6,820","$223,310",5162-842
1014408011,07/25/2013,"$149,900","1130 2ND AVE, IOWA CITY",1 Story Frame,1956,912,"12,000","$223,980",5140-336
1014456003,10/31/2013,"$149,900","1815 DEFOREST AVE, IOWA CITY",Split Foyer Frame,1964,999,"7,360","$216,320",5178-27
1022184002,03/03/2013,"$149,950","781 SANDUSKY DR, IOWA CITY",Split Foyer Frame,1992,1106,"8,316","$232,450",5060-582
1023159001,10/29/2013,"$150,000","1930 CALIFORNIA AVE, IOWA CITY",1 Story Frame,1972,864,"8,510","$243,540",5176-652
1023318001,02/01/2013,"$150,000","1426 WETHERBY DR, IOWA CITY",2 Story Frame,1915,1616,"17,894","$245,590",5046-938
1023434002,08/06/2013,"$150,000","66 STANWYCK DR, IOWA CITY",Split Foyer Frame,1994,962,"8,500","$217,060",5151-809
1024205006,04/05/2013,"$150,000","1633 DOVER ST, IOWA CITY",2 Story Frame,1978,1546,"16,600","$246,100",5079-796
1015482003,07/23/2013,"$150,500","1411 MARCY ST, IOWA CITY",1 Story Frame,1959,1428,"7,320","$241,490",5139-786
1014187001,05/16/2013,"$151,000","1924 MUSCATINE AVE, IOWA CITY",1 1/2 Story Frame,1948,1589,"9,100","$247,160",5095-816
1024129018,03/27/2013,"$152,800","1815 STERLING CT, IOWA CITY",Split Foyer Frame,1981,1028,"6,600","$247,120",5072-591
1011334013,07/16/2013,"$153,000","1171 E JEFFERSON ST, IOWA CITY",2 Story Frame,1920,1152,"12,000","$231,110",5130-898
1023308004,05/17/2013,"$153,500","1545 WETHERBY DR, IOWA CITY",Split Foyer Frame,2003,979,"8,438","$227,490",5094-797
1023153006,03/01/2013,"$153,655","1929 DELWOOD DR, IOWA CITY",1 Story Frame,1983,1172,"7,820","$259,910",5059-701
1015413003,12/02/2013,"$154,000","713 KEOKUK CT, IOWA CITY",1 Story Frame,1955,1056,"6,000","$254,490",5189-506
1016189001,06/28/2013,"$154,000","722 GIBLIN DR, IOWA CITY",1 Story Frame,1954,864,"12,824","$211,270",5122-91
1022178002,07/22/2013,"$154,000","916 SANDUSKY DR, IOWA CITY",Split Foyer Frame,1988,976,"8,775","$224,590",5133-676
1023203017,06/05/2013,"$154,000","1314 HOLLYWOOD BLVD, IOWA CITY",Split Level Frame,1964,1244,"10,800","$244,030",5107-650
1014320001,05/03/2013,"$154,900","1301 SPRUCE ST, IOWA CITY",1 Story Frame,1948,1168,"8,710","$266,120",5089-121
1023405012,06/28/2013,"$154,900","2420 MIAMI DR, IOWA CITY",Split Foyer Frame,1971,864,"7,062","$227,400",5120-696
1023388001,06/11/2013,"$154,950","1675 HEMINGWAY LN, IOWA CITY",Split Foyer Frame,1997,976,"6,710","$220,060",5133-368
1010189003,07/08/2013,"$155,000","719 E BLOOMINGTON ST, IOWA CITY",2 Story Frame,1873,1456,"6,000","$257,390",5127-518
1011364006,01/31/2013,"$155,000","1403 E COLLEGE ST, IOWA CITY",1 Story Frame,1926,1327,"7,500","$260,540",5054-970
1013139002,05/14/2013,"$155,000","3002 BROOKSIDE DR, IOWA CITY",Split Level Frame,1965,1100,"11,242","$256,620",5092-518
1014321004,07/09/2013,"$155,000","1312 SPRUCE ST, IOWA CITY",1 Story Frame,1965,992,"11,018","$243,010",5133-134
1014363008,02/16/2013,"$155,000","1621 BROADWAY ST, IOWA CITY",1 Story Frame,1981,1288,"9,125","$273,740",5060-231
1015189004,08/02/2013,"$155,000","825 WALNUT ST, IOWA CITY",1 Story Frame,1964,952,"5,895","$222,580",5140-586
1023201016,06/13/2013,"$155,000","1304 BROOKWOOD DR, IOWA CITY",1 Story Frame,1965,968,"6,542","$240,150",5110-160
1014183004,08/14/2013,"$156,000","2205 D ST, IOWA CITY",1 Story Frame,1962,1348,"6,000","$278,730",5147-764
1004453003,08/01/2013,"$157,350","709 NORMANDY DR, IOWA CITY",1 Story Frame,1969,1330,"14,438","$279,080",5146-863
1013133006,07/30/2013,"$157,500","702 BROOKSIDE DR, IOWA CITY",1 Story Frame,1964,1148,"8,450","$235,280",5141-412
1003186004,12/10/2013,"$158,000","1406 OAKLAWN AVE, IOWA CITY",1 Story Frame,1959,912,"7,560","$236,600",5191-130
1013382019,02/22/2013,"$158,500","1526 DOVER ST, IOWA CITY",2 Story Frame,1979,1708,"6,600","$272,570",5056-707
1023284004,07/01/2013,"$158,500","15 GLEASON DR, IOWA CITY",Split Foyer Frame,1969,1322,"8,625","$282,380",5120-113
1013382003,11/27/2013,"$159,000","1408 DOVER ST, IOWA CITY",Split Foyer Frame,1978,1028,"6,600","$247,410",5192-401
1014353008,07/23/2013,"$159,000","1406 BROADWAY ST, IOWA CITY",1 Story Frame,1928,1349,"6,250","$249,930",5138-798
1014319003,07/26/2013,"$159,500","1308 ASH ST, IOWA CITY",1 Story Frame,1955,974,"8,375","$263,010",5140-55
1011434011,06/05/2013,"$160,000","16 N 7TH AVE, IOWA CITY",1 Story Frame,1958,1120,"8,610","$254,090",5107-358
1013326010,04/17/2013,"$160,000","2614 WAYNE AVE, IOWA CITY",1 Story Frame,1957,1045,"6,600","$248,400",5088-86
1016157004,08/01/2013,"$160,000","608 W BENTON ST, IOWA CITY",1 Story Frame,1959,1104,"6,985","$246,260",5141-944
1014281012,08/09/2013,"$160,500","841 RUNDELL ST, IOWA CITY",1 Story Frame,1930,840,"6,250","$223,810",5152-743
1012483004,06/26/2013,"$161,000","220 RAVEN ST, IOWA CITY",Split Foyer Frame,1976,1056,"9,490","$245,710",5118-227
1011461004,02/01/2013,"$162,000","315 MORNINGSIDE DR, IOWA CITY",1 Story Frame,1954,1533,"6,840","$308,730",5048-112
1013376002,05/17/2013,"$162,000","1280 ESTHER CT, IOWA CITY",1 Story Frame,1978,1092,"6,600","$264,340",5094-899
1010186014,08/29/2013,"$162,500","704 E BLOOMINGTON ST, IOWA CITY",1 Story Frame,1900,1320,"6,000","$244,400",5159-133
1023162001,08/17/2013,"$162,500","1953 GRANTWOOD DR, IOWA CITY",1 Story Frame,1975,1052,"12,065","$269,030",5151-206
1014326003,05/30/2013,"$163,000","1309 KIRKWOOD AVE, IOWA CITY",1 Story Frame,1950,1073,"13,000","$300,110",5125-938
1014262003,06/13/2013,"$164,900","908 ROOSEVELT ST, IOWA CITY",1 Story Frame,1943,1102,"6,250","$256,140",5107-549
1002301016,12/06/2013,"$165,000","1380 DODGE STREET CT, IOWA CITY",1 Story Frame,1900,1310,"131,116","$276,340",5188-400
1012456021,06/21/2013,"$165,000","3010 RADCLIFFE AVE, IOWA CITY",1 Story Frame,1972,988,"8,640","$245,950",5119-95
1012459001,08/07/2013,"$165,000","174 DARTMOUTH ST, IOWA CITY",1 Story Frame,1967,960,"9,100","$240,750",5153-369
1012459003,12/17/2013,"$165,000","212 DARTMOUTH ST, IOWA CITY",Split Foyer Frame,1967,1028,"9,100","$287,550",5195-550
1013381013,12/06/2013,"$165,000","1614 ESTHER ST, IOWA CITY",Split Foyer Frame,1978,1274,"6,600","$269,090",5186-939
1014262006,06/24/2013,"$165,000","919 MAGGARD ST, IOWA CITY",2 Story Frame,1940,1378,"8,125","$270,530",5124-44
1014320002,05/10/2013,"$165,000","1605 FRIENDLY AVE, IOWA CITY",1 Story Frame,1956,1339,"8,710","$268,080",5091-536
1014381007,10/10/2013,"$165,000","1414 FRANKLIN ST, IOWA CITY",1 Story Frame,1955,1020,"7,560","$283,260",5172-321
1023129005,06/14/2013,"$165,000","1809 HOLLYWOOD BLVD, IOWA CITY",Split Foyer Frame,1984,1111,"9,435","$268,820",5119-401
1023203003,08/28/2013,"$165,000","1634 HOLLYWOOD BLVD, IOWA CITY",1 Story Frame,1965,1044,"11,250","$253,670",5153-593
1023376012,10/03/2013,"$165,000","1522 DICKENSON LN, IOWA CITY",1 Story Frame,2001,1279,"6,600","$246,390",5167-782
1023128003,11/26/2013,"$166,000","1909 DELWOOD DR, IOWA CITY",1 Story Frame,1981,1220,"12,530","$277,630",5185-30
1010407014,02/22/2013,"$167,000","938 E JEFFERSON ST, IOWA CITY",2 Story Frame,1882,2272,"9,000","$476,930",5056-84
1012302021,09/16/2013,"$167,000","27 GREEN MOUNTAIN DR, IOWA CITY",1 Story Frame,1978,2142,"12,615","$435,420",5161-25
1012456002,08/13/2013,"$167,000","3035 SWEET BRIAR AVE, IOWA CITY",1 Story Frame,1970,1308,"8,640","$287,930",5147-362
1017329001,06/14/2013,"$167,500","1044 JENSEN ST, IOWA CITY",Split Foyer Frame,1994,938,"5,760","$248,480",5110-903
1015408017,07/24/2013,"$167,850","1301 MARCY ST, IOWA CITY",1 1/2 Story Frame,1900,1021,"7,200","$270,810",5141-358
1013226038,06/06/2013,"$168,000","2410 FRIENDSHIP ST, IOWA CITY",1 Story Frame,1958,1693,"8,400","$244,920",5104-877
1014362007,02/18/2013,"$168,000","1607 RIDGE ST, IOWA CITY",1 Story Frame,1951,1110,"6,250","$280,810",5055-283
1014426003,06/02/2013,"$168,000","1907 G ST, IOWA CITY",1 Story Frame,1925,1162,"12,000","$284,710",5136-390
1023203010,07/19/2013,"$168,000","1502 HOLLYWOOD BLVD, IOWA CITY",1 Story Frame,1972,1116,"10,650","$259,810",5132-193
1015101022,06/28/2013,"$168,500","528 S GOVERNOR ST, IOWA CITY",2 Story Frame,1844,1262,"7,938","$270,410",5132-813
1010186012,05/20/2013,"$169,000","320 N DODGE ST, IOWA CITY",1 1/2 Story Frame,1900,1425,"4,500","$249,480",5100-452
1012362006,09/05/2013,"$169,500","2502 E COURT ST, IOWA CITY",Split Level Frame,1962,1224,"12,450","$246,140",5157-827
1023152008,06/20/2013,"$169,500","1818 FLATIRON AVE, IOWA CITY",Split Foyer Frame,1980,1122,"7,735","$266,870",5118-678
1024129026,07/19/2013,"$169,500","1761 DOVER ST, IOWA CITY",Split Foyer Frame,1982,1248,"10,176","$254,280",5136-550
1016272003,05/23/2013,"$169,900","1215 W BENTON ST, IOWA CITY",Split Level Frame,1966,1296,"8,400","$286,410",5100-79
1011227010,03/29/2013,"$170,000","600 RENO ST, IOWA CITY",1 Story Frame,1955,1799,"24,480","$411,670",5073-329
1012376014,08/30/2013,"$170,000","226 SHRADER RD, IOWA CITY",1 Story Frame,1966,1152,"8,175","$270,630",5155-212
1014181001,08/02/2013,"$170,000","2029 D ST, IOWA CITY",1 Story Frame,1955,1070,"6,000","$244,450",5152-701
1014201001,09/13/2013,"$170,000","409 S 7TH AVE, IOWA CITY",Split Foyer Frame,1992,1146,"7,095","$257,210",5161-287
1015137001,07/01/2013,"$170,000","603 S DODGE ST, IOWA CITY",2 Story Frame,1900,2086,"4,500","$401,530",5123-202
1015187004,07/17/2013,"$170,000","726 WALNUT ST, IOWA CITY",1 Story Frame,1895,1064,"9,600","$264,200",5133-841
1023263017,06/17/2013,"$171,000","1168 BRIAR DR, IOWA CITY",Split Foyer Frame,1984,1137,"12,555","$296,450",5114-1
1013457006,08/20/2013,"$171,500","23 WAKEFIELD CT, IOWA CITY",1 Story Frame,1984,1395,"8,591","$258,680",5154-455
1013228023,09/30/2013,"$172,000","2416 CRESTVIEW AVE, IOWA CITY",1 Story Frame,1958,1232,"9,975","$279,180",5168-42
1014129003,05/31/2013,"$172,000","1816 B ST, IOWA CITY",1 Story Brick,1948,915,"5,501","$265,980",5112-88
1014208010,09/27/2013,"$172,000","523 RUNDELL ST, IOWA CITY",1 Story Frame,1935,929,"6,250","$224,980",5166-602
1017338001,11/18/2013,"$173,500","2630 WALDEN RD, IOWA CITY",Split Foyer Frame,1992,966,"6,750","$259,670",5181-61
1022192004,05/14/2013,"$173,500","728 CHESTNUT CT, IOWA CITY",Split Foyer Frame,1993,1132,"8,784","$249,910",5097-369
1013278004,04/15/2013,"$174,000","2803 EASTWOOD DR, IOWA CITY",Split Foyer Frame,1965,1456,"14,591","$296,800",5081-768
1013139010,06/12/2013,"$174,900","2836 BROOKSIDE DR, IOWA CITY",1 Story Frame,1963,1008,"12,600","$294,440",5117-467
1013155016,11/07/2013,"$174,900","2910 EASTWOOD DR, IOWA CITY",1 Story Frame,1965,1288,"9,559","$314,290",5179-56
1010411013,12/06/2013,"$175,000","708 E IOWA AVE, IOWA CITY",2 Story Frame,1910,1289,"2,960","$236,240",5186-721
1012429015,05/16/2013,"$175,000","111 BOWLING GREEN PL, IOWA CITY",Split Foyer Frame,1974,1144,"10,320","$290,050",5092-868
1014339004,05/20/2013,"$175,000","1214 YEWELL ST, IOWA CITY",2 Story Frame,1935,1404,"6,075","$284,070",5106-344
1015178006,07/01/2013,"$175,000","646 S LUCAS ST, IOWA CITY",2 Story Frame,1870,1586,"7,950","$266,610",5122-922
1011253004,06/24/2013,"$176,000","1111 CHURCH ST, IOWA CITY",1 Story Frame,1920,1200,"11,250","$297,160",5116-480
1014278006,07/23/2013,"$176,000","736 GRANT ST, IOWA CITY",1 Story Frame,1920,1266,"6,250","$268,020",5137-490
1018427002,08/21/2013,"$176,000","1242 DUCK CREEK DR, IOWA CITY",2 Story Frame,1987,1764,"13,200","$380,320",5155-883
1023378003,07/30/2013,"$176,000","1444 DICKENSON LN, IOWA CITY",Split Foyer Frame,2001,1208,"6,600","$277,170",5143-369
1023436005,09/27/2013,"$176,500","79 STANWYCK DR, IOWA CITY",1 Story Frame,1998,1293,"8,000","$264,170",5165-845
1012458004,05/22/2013,"$177,000","3022 STANFORD AVE, IOWA CITY",Split Foyer Frame,1967,1598,"8,520","$317,110",5097-827
1014129007,10/25/2013,"$177,250","1807 E COURT ST, IOWA CITY",1 Story Frame,1949,1463,"6,292","$259,520",5177-695
1018407012,01/22/2013,"$178,000","2808 IRVING AVE, IOWA CITY",2 Story Frame,1999,1630,"2,808","$303,750",5043-484
1003404002,01/20/2013,"$178,500","539 KIMBALL RD, IOWA CITY",1 Story Frame,1956,1288,"12,220","$257,300",5048-12
1013154005,05/01/2013,"$178,500","802 WILLOW ST, IOWA CITY",2 Story Frame,1963,1666,"9,200","$320,200",5087-584
1011352004,10/28/2013,"$179,000","1639 MORNINGSIDE DR, IOWA CITY",2 Story Brick,1934,1322,"5,550","$288,080",5177-385
1014408001,09/10/2013,"$179,000","2221 H ST, IOWA CITY",1 Story Frame,1925,1037,"5,500","$281,230",5157-611
1003402001,07/05/2013,"$180,000","717 WHITING AVE, IOWA CITY",1 Story Frame,1955,960,"16,553","$275,370",5124-595
1010288008,08/29/2013,"$180,000","205 E BLOOMINGTON ST, IOWA CITY",2 Story Frame,1915,1256,"2,000","$247,260",5161-194
1013251004,06/11/2013,"$180,000","2517 FRIENDSHIP ST, IOWA CITY",1 Story Frame,1960,1229,"8,760","$266,280",5109-491
1022185010,04/30/2013,"$180,000","730 PEPPER DR, IOWA CITY",Split Level Frame,1994,1572,"10,368","$293,430",5087-982
1014282021,10/09/2013,"$181,000","817 DEARBORN ST, IOWA CITY",1 Story Frame,1918,1072,"6,250","$216,110",5170-807
1017154015,08/12/2013,"$181,500","772 KESWICK DR, IOWA CITY",1 Story Frame,1969,1248,"7,150","$262,840",5146-258
1013160003,05/31/2013,"$182,000","820 WILLOW ST, IOWA CITY",Split Foyer Frame,1964,1244,"10,000","$301,460",5100-744
1018405007,05/30/2013,"$182,000","1220 EMILY CT, IOWA CITY",Split Foyer Frame,1998,1041,"6,360","$277,650",5099-328
1023396002,10/18/2013,"$182,000","3015 RUSSELL DR, IOWA CITY",Split Foyer Frame,2002,1245,"6,250","$273,120",5173-972
1011313008,06/12/2013,"$182,500","1614 MORNINGSIDE DR, IOWA CITY",1 Story Frame,1931,1312,"10,153","$307,190",5116-543
1014101013,06/27/2013,"$182,500","438 2ND AVE, IOWA CITY",1 Story Frame,1954,1128,"12,000","$284,050",5119-713
1014154009,06/14/2013,"$182,500","1855 MUSCATINE AVE, IOWA CITY",1 Story Frame,1936,1405,"8,250","$255,530",5113-757
1016153004,05/01/2013,"$182,500","720 GREENWOOD DR, IOWA CITY",1 Story Frame,1960,1424,"9,790","$295,090",5085-305
1023383010,10/28/2013,"$183,000","1516 HEMINGWAY LN, IOWA CITY",Split Foyer Frame,1999,1208,"6,600","$269,060",5176-703
1022189008,06/18/2013,"$184,500","2227 HAZEL CT, IOWA CITY",2 Story Frame,1987,1920,"8,791","$276,570",5119-2
1010405013,07/09/2013,"$185,000","706 E JEFFERSON ST, IOWA CITY",2 Story Frame,1921,1188,"2,800","$249,830",5127-319
1011263008,04/03/2013,"$185,000","1007 E BLOOMINGTON ST, IOWA CITY",2 Story Frame,1920,2582,"10,200","$431,390",5077-430
1013453005,11/06/2013,"$185,000","18 DUNUGGAN CT, IOWA CITY",1 Story Frame,1979,1008,"17,941","$256,490",5180-485
1014207004,08/18/2013,"$185,000","507 GRANT ST, IOWA CITY",1 1/2 Story Frame,1912,1232,"6,250","$274,650",5159-892
1015427003,06/14/2013,"$185,000","619 KIRKWOOD AVE, IOWA CITY",1 1/2 Story Frame,1952,1347,"6,750","$256,700",5130-407
1016328010,03/26/2013,"$185,000","1105 WEEBER CIR, IOWA CITY",1 Story Frame,1976,924,"9,280","$269,760",5071-247
1023435012,06/12/2013,"$185,000","179 STANWYCK DR, IOWA CITY",Split Level Frame,1995,1240,"8,704","$265,570",5121-684
1016330013,04/26/2013,"$185,500","1010 WYLDE GREEN RD, IOWA CITY",1 Story Frame,1966,1370,"12,283","$363,110",5086-711
1023393001,06/04/2013,"$185,500","1531 LANGENBERG AVE, IOWA CITY",Split Level Frame,2002,1706,"10,220","$275,210",5102-134
1012304002,11/22/2013,"$186,000","130 N MOUNT VERNON DR, IOWA CITY",1 Story Frame,1972,1288,"11,238","$341,030",5183-506
1013107024,06/27/2013,"$186,000","3109 RAVEN ST, IOWA CITY",1 Story Frame,1966,1092,"9,576","$302,790",5126-645
1023305001,04/12/2013,"$186,000","1622 TOFTING AVE, IOWA CITY",1 Story Frame,2003,1224,"8,163","$307,620",5081-176
1010132004,06/26/2013,"$186,500","323 BROWN ST, IOWA CITY",1 Story Frame,1915,942,"6,000","$257,350",5125-172
1014209012,06/17/2013,"$186,500","602 RUNDELL ST, IOWA CITY",1 Story Frame,1920,1186,"6,250","$287,930",5121-850
1014338001,08/12/2013,"$187,000","1106 YEWELL ST, IOWA CITY",2 Story Frame,1950,1464,"7,293","$296,030",5147-559
1018406006,07/23/2013,"$187,000","1336 SHANNON DR, IOWA CITY",Split Foyer Frame,1999,1136,"5,640","$277,990",5145-983
1022160005,07/03/2013,"$187,000","652 SANDUSKY DR, IOWA CITY",1 Story Frame,1992,1500,"8,040","$294,300",5128-72
1014336008,06/25/2013,"$187,250","1212 GINTER AVE, IOWA CITY",2 Story Frame,1941,1248,"7,800","$291,380",5136-340
1013129004,01/03/2013,"$187,500","411 KENWOOD DR, IOWA CITY",1 Story Frame,1963,1726,"10,400","$298,100",5039-518
1017333004,01/10/2013,"$187,500","1150 JENSEN ST, IOWA CITY",Split Foyer Frame,1993,1200,"5,760","$280,300",5037-226
1012430004,05/28/2013,"$188,000","132 N WESTMINSTER ST, IOWA CITY",Split Foyer Frame,1976,1304,"13,875","$309,610",5108-176
1017155035,11/01/2013,"$188,000","5 WESTGATE CIR, IOWA CITY",1 Story Frame,1974,1192,"11,798","$269,000",5177-924
1017339001,03/18/2013,"$188,000","1255 COLL DR, IOWA CITY",Split Foyer Frame,1992,1200,"9,150","$279,280",5071-519
1013453001,06/06/2013,"$188,500","2 DUNUGGAN CT, IOWA CITY",Split Foyer Frame,1977,1008,"11,974","$276,360",5132-252
1011382005,04/08/2013,"$189,000","1218 E COLLEGE ST, IOWA CITY",1 Story Frame,1910,1133,"3,720","$254,110",5077-397
1018407026,04/05/2013,"$189,500","1270 SHANNON DR, IOWA CITY",2 Story Frame,2000,1348,"4,725","$288,890",5076-161
1013177001,11/04/2013,"$189,520","809 BEECH ST, IOWA CITY",1 Story Frame,1972,1120,"13,350","$326,340",5179-676
1010177005,07/22/2013,"$190,000","820 FAIRCHILD ST, IOWA CITY",1 1/2 Story Frame,1900,1040,"6,000","$281,040",5145-453
1012279007,05/01/2013,"$190,000","224 N MOUNT VERNON DR, IOWA CITY",Split Foyer Frame,1973,1196,"10,710","$291,190",5087-526
1012416005,12/20/2013,"$190,000","84 AMHURST ST, IOWA CITY",Split Foyer Frame,1978,1242,"10,792","$280,600",5197-475
1012428001,11/27/2013,"$190,000","205 N WESTMINSTER ST, IOWA CITY",Split Foyer Frame,1978,1220,"13,600","$272,260",5185-851
1012430003,05/30/2013,"$190,000","142 N WESTMINSTER ST, IOWA CITY",Split Foyer Frame,1977,1290,"12,400","$318,310",5106-244
1013303001,10/02/2013,"$190,000","2901 MUSCATINE AVE, IOWA CITY",1 Story Frame,1963,1404,"10,950","$301,330",5178-455
1017331003,06/14/2013,"$190,000","2623 IRVING AVE, IOWA CITY",Split Foyer Frame,1994,1200,"6,360","$287,270",5115-864
1017338005,05/24/2013,"$190,000","1246 COLL DR, IOWA CITY",Split Foyer Frame,1992,1200,"6,588","$300,560",5096-816
1022190004,08/13/2013,"$192,000","746 PEPPER DR, IOWA CITY",Split Level Frame,1994,1652,"7,930","$285,740",5149-320
1017379040,07/29/2013,"$192,500","2260 ABBEY LN, IOWA CITY",1 Story Frame,1979,1594,"9,360","$320,650",5151-531
1011228007,03/28/2013,"$193,000","1102 CHURCH ST, IOWA CITY",1 1/2 Story Frame,1939,1229,"6,450","$286,340",5071-841
1012462008,03/21/2013,"$193,500","2929 CORNELL AVE, IOWA CITY",1 Story Frame,1972,1376,"9,240","$306,320",5069-893
1012331003,06/14/2013,"$194,000","2518 PRINCETON RD, IOWA CITY",Split Foyer Frame,1969,1248,"14,415","$297,790",5112-384
1013178002,12/19/2013,"$194,000","3122 JUNIPER DR, IOWA CITY",1 Story Frame,1969,1144,"13,845","$327,220",5192-583
1022191001,08/08/2013,"$194,000","733 PEPPER DR, IOWA CITY",1 Story Frame,1993,1510,"8,197","$346,180",5143-561
1016270004,07/06/2013,"$194,900","1124 HARLOCKE ST, IOWA CITY",Split Foyer Frame,1975,1132,"13,350","$299,600",5124-837
1012459007,07/08/2013,"$195,000","310 DARTMOUTH ST, IOWA CITY",Split Foyer Frame,1969,1312,"9,100","$300,090",5130-167
1023398001,11/25/2013,"$195,000","1677 VESTI LN, IOWA CITY",Split Level Frame,2006,1965,"8,401","$344,490",5185-505
1010137013,03/18/2013,"$195,200","512 CHURCH ST, IOWA CITY",2 Story Frame,1910,1372,"9,000","$296,440",5066-894
1018404021,03/29/2013,"$196,000","2851 IRVING AVE, IOWA CITY",Split Foyer Frame,1999,1208,"10,940","$296,180",5077-417
1018433008,11/20/2013,"$196,000","51 ANDREA CT, IOWA CITY",Split Foyer Frame,2002,1247,"9,920","$320,210",5182-854
1023352001,06/10/2013,"$196,000","1404 DICKENSON LN, IOWA CITY",Split Level Frame,2001,1818,"9,779","$307,560",5134-569
1018404002,06/18/2013,"$196,500","2749 IRVING AVE, IOWA CITY",Split Foyer Frame,2000,1208,"7,080","$305,350",5131-145
1010189006,07/03/2013,"$197,000","711 E BLOOMINGTON ST, IOWA CITY",2 Story Frame,1847,1216,"6,000","$281,260",5136-407
1014115001,06/11/2013,"$197,000","2127 FRIENDSHIP ST, IOWA CITY",2 Story Frame,1903,3050,"12,000","$439,620",5130-974
1017153005,05/28/2013,"$198,000","705 KESWICK DR, IOWA CITY",Split Foyer Frame,1971,1236,"7,150","$280,120",5128-747
1017483007,01/11/2013,"$198,000","32 EALING DR, IOWA CITY",Split Foyer Frame,1978,1184,"8,400","$287,340",5045-990
1023376007,07/15/2013,"$198,000","1604 DICKENSON LN, IOWA CITY",2 Story Frame,1995,1773,"6,600","$307,920",5134-935
1022177003,10/14/2013,"$198,200","776 SANDUSKY DR, IOWA CITY",1 Story Brick,1991,1488,"8,512","$327,920",5174-167
1018405001,07/25/2013,"$198,500","1104 EMILY CT, IOWA CITY",Split Foyer Frame,1999,1208,"9,862","$309,660",5145-828
1011311007,07/18/2013,"$199,000","5 N 7TH AVE, IOWA CITY",2 Story Frame,1954,1431,"10,075","$330,320",5136-986
1009257007,08/13/2013,"$199,900","1131 DILL ST, IOWA CITY",1 Story Frame,1915,889,"3,750","$276,170",5145-63
1012428003,07/07/2013,"$199,900","155 N WESTMINSTER ST, IOWA CITY",Split Foyer Frame,1976,1420,"11,250","$324,160",5125-8
1010283001,10/15/2013,"$200,000","309 FAIRCHILD ST, IOWA CITY",2 Story Frame,1908,1756,"6,000","$316,360",5170-903
1014228001,07/26/2013,"$200,000","425 CLARK ST, IOWA CITY",2 Story Frame,1900,1276,"4,455","$300,700",5136-219
1016139006,08/30/2013,"$200,000","422 MELROSE CT, IOWA CITY",2 Story Frame,1900,1560,"5,940","$343,750",5155-867
1016339001,05/23/2013,"$200,000","1115 SUNSET ST, IOWA CITY",2 Story Frame,1978,2222,"12,735","$413,580",5099-251
1022157001,11/01/2013,"$200,000","711 SANDUSKY DR, IOWA CITY",Split Level Frame,1992,2004,"8,316","$293,510",5178-337
1023356002,06/09/2013,"$200,000","1358 LANGENBERG AVE, IOWA CITY",Split Level Frame,2004,1885,"8,138","$320,010",5107-613
1023396009,11/30/2013,"$200,000","1415 LANGENBERG AVE, IOWA CITY",Split Level Frame,2003,1816,"8,400","$308,500",5186-896
1011154004,12/11/2013,"$201,000","428 N 7TH AVE, IOWA CITY",2 Story Frame,1989,1704,"10,270","$345,790",5191-724
1013287005,06/30/2013,"$202,000","734 PERRY CT, IOWA CITY",1 1/2 Story Frame,1984,1238,"7,623","$324,830",5121-940
1023396010,06/12/2013,"$202,000","1405 LANGENBERG AVE, IOWA CITY",Split Level Frame,2003,1842,"8,195","$305,730",5119-332
1016271002,04/12/2013,"$203,000","1129 W BENTON ST, IOWA CITY",1 Story Frame,1959,1084,"12,300","$281,450",5200-738
1024117003,07/07/2013,"$203,000","3321 WINTERGREEN DR, IOWA CITY",1 Story Frame,2007,1303,"9,662","$337,450",5136-831
1023303003,03/27/2013,"$203,500","2355 NOR ST, IOWA CITY",1 Story Frame,2001,1278,"8,400","$315,750",5072-617
0907258014,04/16/2013,"$204,000","3600 LOWER WEST BRANCH RD, IOWA CITY",1 Story Frame,2008,1284,"10,332","$289,290",5084-12
1011326015,05/01/2013,"$204,000","1116 HOTZ AVE, IOWA CITY",1 1/2 Story Frame,1925,1056,"6,914","$286,680",5091-423
1013211007,10/04/2013,"$204,900","2720 BROOKSIDE DR, IOWA CITY",1 Story Frame,1966,1284,"12,000","$302,790",5180-376
1011352011,06/25/2013,"$205,000","1618 WILSON ST, IOWA CITY",1 Story Frame,1925,1357,"5,550","$421,580",5118-205
1022479008,07/08/2013,"$206,000","823 MCCOLLISTER CT, IOWA CITY",1 Story Frame,2007,1306,"8,295","$347,040",5135-666
0918228013,07/29/2013,"$206,500","619 SCOTT PARK DR, IOWA CITY",1 Story Frame,1998,1408,"6,916","$327,200",5166-756
1009203002,05/16/2013,"$206,500","927 PARK RD, IOWA CITY",1 Story Frame,1955,1056,"8,050","$363,170",5093-922
1011435013,05/17/2013,"$207,000","1822 GLENDALE RD, IOWA CITY",1 Story Brick,1962,1236,"8,800","$329,000",5108-119
1017483003,06/10/2013,"$207,000","16 EALING DR, IOWA CITY",Split Foyer Frame,1980,1290,"9,000","$306,520",5121-442
1016336001,05/28/2013,"$207,500","1014 SUNSET ST, IOWA CITY",1 Story Frame,1976,1308,"10,150","$315,110",5103-869
1011461002,06/19/2013,"$208,000","307 MORNINGSIDE DR, IOWA CITY",1 1/2 Story Frame,1955,1513,"6,840","$348,210",5118-796
1012302022,07/08/2013,"$208,000","19 GREEN MOUNTAIN DR, IOWA CITY",1 Story Frame,1976,1848,"11,475","$354,700",5123-490
1016260009,07/01/2013,"$208,000","1321 OAKCREST ST, IOWA CITY",1 Story Frame,1961,910,"7,800","$283,840",5134-311
1023308002,08/22/2013,"$208,500","1601 WETHERBY DR, IOWA CITY",1 Story Frame,2004,1560,"8,438","$351,970",5153-86
1013457004,02/27/2013,"$209,000","15 WAKEFIELD CT, IOWA CITY",2 Story Frame,1980,2240,"11,746","$314,640",5057-211
0918129002,05/31/2013,"$210,000","701 ARLINGTON DR, IOWA CITY",2 Story Frame,1994,2402,"17,640","$604,550",5119-431
1010187003,11/01/2013,"$210,000","319 N DODGE ST, IOWA CITY",1 Story Frame,1942,1671,"4,320","$305,500",5178-427
1012417003,10/22/2013,"$210,000","101 AMHURST ST, IOWA CITY",2 Story Frame,1978,1944,"17,005","$341,540",5174-474
1016271004,05/22/2013,"$210,000","811 WEEBER ST, IOWA CITY",Split Level Frame,1960,1004,"13,120","$327,220",5096-725
1022477004,03/01/2013,"$210,000","804 OXEN LN, IOWA CITY",1 Story Frame,2012,1380,"9,272","$368,660",5058-605
1011435003,07/09/2013,"$212,000","40 N LOWELL ST, IOWA CITY",1 Story Brick,1957,1334,"10,120","$327,450",5127-617
1012335008,06/14/2013,"$212,000","2315 PRINCETON RD, IOWA CITY",Split Foyer Frame,1972,1594,"12,600","$377,840",5110-849
1014337002,07/30/2013,"$212,000","1101 YEWELL ST, IOWA CITY",1 1/2 Story Frame,1950,1761,"3,660","$341,300",5142-906
1016342003,03/01/2013,"$214,000","1111 WYLDE GREEN RD, IOWA CITY",1 Story Frame,1967,1220,"10,500","$318,390",5059-719
1023204013,06/06/2013,"$214,900","1403 HOLLYWOOD BLVD, IOWA CITY",2 Story Frame,1968,1940,"9,800","$316,920",5110-958
0907430003,04/01/2013,"$215,000","72 ASHFORD PL, IOWA CITY",Split Foyer Frame,2002,1249,"8,016","$313,200",5076-259
1011151010,11/19/2013,"$215,000","310 WOODRIDGE AVE, IOWA CITY",Split Level Frame,1972,1200,"11,266","$331,700",5190-939
1011458001,06/21/2013,"$215,000","1724 E COURT ST, IOWA CITY",1 Story Frame,1948,1652,"13,366","$382,280",5118-475
1013276009,06/04/2013,"$215,000","2816 EASTWOOD DR, IOWA CITY",2 Story Frame,1962,2040,"9,384","$340,720",5108-449
1016333008,07/01/2013,"$215,000","1006 SUNSET ST, IOWA CITY",1 Story Frame,1973,1504,"10,220","$358,430",5136-913
1003180002,09/05/2013,"$217,000","1432 BURESH AVE, IOWA CITY",1 Story Frame,1964,1244,"23,850","$354,060",5156-930
1013457026,07/15/2013,"$217,000","10 WAKEFIELD CT, IOWA CITY",1 Story Frame,1991,1494,"8,235","$293,470",5131-798
1012383001,04/11/2013,"$217,500","2626 E COURT ST, IOWA CITY",Split Foyer Frame,1974,2622,"17,372","$392,690",5079-34
1003197009,06/13/2013,"$218,000","708 WHITING AVE, IOWA CITY",1 Story Frame,1938,1910,"10,460","$421,470",5113-74
1013410005,02/14/2013,"$218,000","1330 CHAMBERLAIN DR, IOWA CITY",2 Story Frame,1989,1929,"9,000","$362,890",5056-257
1113407004,07/13/2013,"$218,000","1353 SANTA FE DR, IOWA CITY",Split Level Frame,1992,1786,"10,732","$300,680",5133-90
0907468005,08/30/2013,"$219,000","383 ARLINGTON DR, IOWA CITY",1 Story Frame,2010,1500,"12,289","$310,500",5154-7
1011363010,07/12/2013,"$219,000","228 FAIRVIEW AVE, IOWA CITY",1 Story Brick,1947,1810,"10,050","$370,430",5130-378
1013287010,06/25/2013,"$219,900","731 PERRY CT, IOWA CITY",1 Story Frame,1984,1442,"10,650","$355,740",5131-123
1011311002,09/25/2013,"$220,000","39 N 7TH AVE, IOWA CITY",1 Story Frame,1955,1224,"10,500","$297,120",5164-548
1013162002,10/31/2013,"$220,000","3111 ALPINE CT, IOWA CITY",1 Story Frame,1968,2064,"13,778","$368,390",5177-113
1014202015,06/28/2013,"$220,000","1622 MUSCATINE AVE, IOWA CITY",2 Story Frame,1935,2027,"9,801","$342,940",5125-453
1017155043,08/06/2013,"$220,000","8 WESTGATE CIR, IOWA CITY",1 Story Frame,1973,1228,"16,407","$299,850",5144-275
1017481004,10/29/2013,"$220,000","33 DENBIGH DR, IOWA CITY",Split Foyer Frame,1978,1428,"9,000","$328,290",5177-503
1018278013,02/06/2013,"$220,000","713 TIPPERARY RD, IOWA CITY",2 Story Frame,2001,1547,"9,960","$336,340",5060-689
1013178009,09/15/2013,"$220,500","810 JUNIPER DR, IOWA CITY",2 Story Frame,1967,1957,"10,400","$334,560",5162-105
1011326022,06/11/2013,"$221,500","1158 HOTZ AVE, IOWA CITY",1 1/2 Story Frame,1912,1377,"6,000","$399,400",5111-916
1023311005,08/20/2013,"$221,900","1474 WETHERBY DR, IOWA CITY",Split Level Frame,2004,1972,"11,381","$349,660",5152-574
1023303005,07/20/2013,"$222,000","2375 NOR ST, IOWA CITY",1 Story Frame,2001,1379,"10,240","$342,860",5144-901
1015105006,07/01/2013,"$222,500","802 BOWERY ST, IOWA CITY",2 Story Frame,1915,1833,"5,445","$298,820",5123-322
1113401008,06/26/2013,"$223,000","1366 SANTA FE DR, IOWA CITY",1 Story Frame,1990,1478,"10,800","$304,920",5132-328
1018402014,07/25/2013,"$223,500","2718 IRVING AVE, IOWA CITY",2 Story Frame,1999,1793,"9,599","$379,560",5150-112
1009156008,07/03/2013,"$225,000","110 LUSK AVE, IOWA CITY",1 1/2 Story Frame,1909,1596,"22,750","$473,900",5123-92
1010478007,07/25/2013,"$225,000","107 S LUCAS ST, IOWA CITY",2 Story Frame,1924,1644,"4,400","$272,340",5143-154
1014256007,10/25/2013,"$225,000","833 ROOSEVELT ST, IOWA CITY",1 Story Frame,1932,1108,"8,400","$341,910",5176-266
1016332001,07/10/2013,"$225,000","815 WYLDE GREEN RD, IOWA CITY",1 Story Frame,1966,1588,"10,349","$343,970",5126-97
1017433002,12/05/2013,"$225,000","1022 ESTRON ST, IOWA CITY",1 Story Frame,1976,1435,"13,532","$348,810",5188-277
1018305009,02/06/2013,"$225,500","3626 FOXANA DR, IOWA CITY",1 Story Frame,1989,1656,"11,640","$387,430",5050-446
1015188007,07/07/2013,"$226,000","707 WALNUT ST, IOWA CITY",2 Story Frame,1909,1733,"7,200","$380,080",5126-941
0907438002,04/30/2013,"$227,000","81 EVERSULL LN, IOWA CITY",1 Story Frame,2005,1232,"7,995","$361,400",5094-957
0907366010,02/07/2013,"$228,000","57 LINDEMANN DR, IOWA CITY",Split Level Frame,2003,1984,"10,228","$362,730",5050-700
0918182005,06/14/2013,"$230,000","68 SUTHERLAND PL, IOWA CITY",2 Story Frame,1999,1972,"13,260","$437,040",5128-904
1002202008,03/01/2013,"$230,000","1914 BRISTOL DR, IOWA CITY",2 Story Frame,1999,1901,"12,615","$376,480",5060-431
1010276005,09/12/2013,"$230,000","312 FAIRCHILD ST, IOWA CITY",2 Story Frame,1912,1865,"5,969","$382,670",5159-401
1017385007,04/13/2013,"$230,000","2319 ABBEY LN, IOWA CITY",1 Story Frame,1984,1434,"14,400","$351,830",5097-663
1010179001,01/09/2013,"$232,000","630 FAIRCHILD ST, IOWA CITY",2 Story Brick,1875,1680,"6,000","$350,830",5039-824
1017484002,06/20/2013,"$232,500","143 CARDIFF CIR, IOWA CITY",1 Story Frame,1979,1776,"13,320","$362,280",5117-111
1013459001,07/22/2013,"$233,000","5 BRUNSWICK CT, IOWA CITY",1 Story Frame,1997,1364,"12,610","$321,260",5135-63
1010137009,05/02/2013,"$233,500","622 N VAN BUREN ST, IOWA CITY",2 Story Frame,1910,1534,"6,686","$332,750",5087-553
1011310006,08/16/2013,"$233,500","1508 GLENDALE RD, IOWA CITY",1 Story Brick,1956,1668,"9,250","$381,270",5149-183
1009156013,11/04/2013,"$233,900","6 ROWLAND CT, IOWA CITY",1 Story Frame,1940,1836,"8,856","$438,940",5180-212
1011162001,05/21/2013,"$234,000","1807 WINSTON DR, IOWA CITY",1 Story Frame,1984,1488,"10,925","$367,910",5106-452
0907435001,06/14/2013,"$235,000","4579 YORK PL, IOWA CITY",Split Level Frame,2005,1232,"9,675","$347,780",5109-575
1004278001,10/02/2013,"$235,000","1760 MACKINAW DR, IOWA CITY",2 Story Frame,2005,1572,"9,196","$334,810",5168-805
1009257008,06/11/2013,"$235,000","30 ROCKY SHORE DR, IOWA CITY",1 Story Frame,1926,1297,"8,000","$348,580",5120-132
0907379009,11/22/2013,"$235,500","66 CHARLES DR, IOWA CITY",Split Level Frame,2006,1974,"9,750","$326,320",5184-986
1011158004,07/02/2013,"$236,500","1818 WINSTON DR, IOWA CITY",1 Story Frame,1965,1208,"14,725","$377,020",5135-545
1012429026,10/07/2013,"$237,000","1 WELLESLEY WAY, IOWA CITY",1 Story Frame,1976,1670,"12,600","$464,460",5168-970
1023359007,06/26/2013,"$237,500","1253 LANGENBERG AVE, IOWA CITY",1 Story Frame,2012,1390,"6,301","$358,360",5125-960
1013201006,06/28/2013,"$239,000","2615 E COURT ST, IOWA CITY",1 Story Frame,1943,2090,"12,254","$342,500",5119-186
1010277009,07/01/2013,"$240,000","230 FAIRCHILD ST, IOWA CITY",2 Story Frame,1900,2022,"4,500","$365,660",5123-143
1016105001,11/15/2013,"$240,000","400 BROOKLAND PL, IOWA CITY",2 Story Frame,1900,1352,"15,246","$432,590",5182-129
1010155007,10/22/2013,"$241,600","314 FAIRCHILD ST, IOWA CITY",2 Story Frame,1905,1960,"5,700","$354,260",5176-285
0907457001,10/28/2013,"$242,000","51 ASHFORD PL, IOWA CITY",2 Story Frame,2003,1782,"7,438","$373,740",5177-954
1004489006,06/13/2013,"$242,000","8 PARK RD, IOWA CITY",2 Story Frame,1931,2132,"10,240","$534,960",5112-358
1013426021,12/16/2013,"$242,500","2 BEDFORD CT, IOWA CITY",2 Story Frame,1968,2056,"10,761","$353,220",5192-362
1010480008,08/28/2013,"$245,000","112 S GOVERNOR ST, IOWA CITY",2 Story Frame,1916,2214,"3,900","$358,900",5160-275
1018153001,05/15/2013,"$245,000","743 TIPPERARY RD, IOWA CITY",1 Story Frame,2002,1422,"9,960","$363,750",5098-758
1113405002,03/05/2013,"$245,000","1263 SANTA FE DR, IOWA CITY",Split Level Frame,1998,1952,"11,661","$353,810",5064-143
1113478011,09/16/2013,"$245,000","5 PHOENIX PL, IOWA CITY",2 Story Frame,1991,1902,"13,596","$353,080",5168-528
1017411012,05/28/2013,"$247,000","148 PENFRO DR, IOWA CITY",Split Foyer Frame,1976,1630,"9,660","$351,180",5109-402
1113406007,06/28/2013,"$247,000","2 DURANGO PL, IOWA CITY",2 Story Frame,1998,1792,"15,795","$374,790",5118-330
1013411001,02/04/2013,"$247,900","3437 HAMPTON ST, IOWA CITY",1 Story Frame,1991,1508,"14,495","$345,460",5052-21
1009103004,07/15/2013,"$248,000","417 FERSON AVE, IOWA CITY",1 Story Frame,1952,1074,"9,000","$373,900",5139-703
0907381006,02/19/2013,"$249,000","29 CHARLES DR, IOWA CITY",1 Story Frame,2004,1432,"7,247","$386,720",5061-616
1018402012,10/11/2013,"$249,000","2702 IRVING AVE, IOWA CITY",2 Story Frame,1999,1793,"8,604","$354,850",5171-156
1013401023,07/09/2013,"$249,900","3332 VILLAGE RD, IOWA CITY",2 Story Frame,1990,2403,"11,954","$424,660",5129-737
0907436003,05/30/2013,"$250,000","170 ASHFORD PL, IOWA CITY",Split Level Frame,2004,1822,"7,500","$378,440",5107-330
1004337002,07/15/2013,"$250,000","853 WALKER CIR, IOWA CITY",1 Story Frame,2009,1566,"3,602","$371,440",5137-778
1016128002,08/02/2013,"$250,000","215 MELROSE CT, IOWA CITY",1 Story Frame,1900,713,"7,062","$260,370",5145-333
1017127018,07/15/2013,"$250,000","1922 CALVIN AVE, IOWA CITY",Split Level Frame,1974,1980,"13,277","$398,000",5132-149
1017131007,07/24/2013,"$250,000","416 MACBRIDE RD, IOWA CITY",2 Story Frame,1974,1692,"10,032","$457,390",5139-891
1017383011,06/18/2013,"$250,000","1426 BURRY DR, IOWA CITY",1 Story Frame,1983,2009,"11,921","$374,030",5115-448
1017437017,07/29/2013,"$250,000","1906 HAFOR CIR, IOWA CITY",1 Story Frame,1978,1798,"15,956","$409,520",5145-709
1018279006,04/13/2013,"$250,000","702 TIPPERARY RD, IOWA CITY",2 Story Frame,1999,1679,"8,100","$354,820",5128-833
1004280010,09/12/2013,"$250,800","1701 MACKINAW DR, IOWA CITY",2 Story Frame,2008,1888,"8,239","$411,480",5163-575
1012351003,04/12/2013,"$250,800","108 S MOUNT VERNON DR, IOWA CITY",1 Story Frame,1967,2285,"12,615","$460,030",5090-957
1012429016,03/17/2013,"$252,000","103 BOWLING GREEN PL, IOWA CITY",2 Story Frame,1978,2290,"15,300","$406,360",5067-895
0907467002,06/27/2013,"$254,000","79 WHITECHAPEL DR, IOWA CITY",1 Story Frame,2009,1351,"8,000","$371,080",5121-514
1004280009,09/10/2013,"$254,000","1717 MACKINAW DR, IOWA CITY",1 Story Frame,2009,1274,"5,500","$381,580",5162-315
0907373006,10/28/2013,"$255,000","53 MARY CT, IOWA CITY",Split Level Frame,2005,1598,"19,108","$368,720",5179-758
1010133002,05/16/2013,"$255,000","427 BROWN ST, IOWA CITY",2 Story Frame,1916,1787,"4,000","$350,860",5103-664
1010134012,03/25/2013,"$255,000","510 RONALDS ST, IOWA CITY",2 Story Frame,1913,1798,"6,000","$362,160",5071-295
1017477007,04/19/2013,"$255,000","54 DENBIGH DR, IOWA CITY",2 Story Frame,1978,2324,"10,800","$375,970",5091-519
1011255005,05/31/2013,"$256,000","930 FAIRCHILD ST, IOWA CITY",1 1/2 Story Frame,1895,1654,"7,280","$401,950",5100-683
0907385002,05/08/2013,"$258,750","100 KENNETH DR, IOWA CITY",2 Story Frame,2006,2188,"7,813","$426,490",5091-925
0918228004,06/14/2013,"$258,900","440 SCOTT PARK DR, IOWA CITY",1 1/2 Story Frame,1991,2160,"11,000","$410,380",5110-527
1017280006,09/20/2013,"$259,000","805 SPENCER DR, IOWA CITY",Split Level Frame,1984,1412,"17,477","$399,880",5165-426
1013166001,06/14/2013,"$259,900","3023 PINECREST RD, IOWA CITY",2 Story Frame,1965,2017,"14,904","$423,200",5110-450
1016136002,08/30/2013,"$259,900","618 BROOKLAND PARK DR, IOWA CITY",1 Story Frame,1934,1498,"9,263","$408,200",5155-951
1024136002,04/05/2013,"$259,900","1807 CHELSEA CT, IOWA CITY",1 Story Frame,2012,1466,"8,100","$388,340",5077-287
0907384001,07/19/2013,"$260,000","4171 RUTH ST, IOWA CITY",2 Story Frame,2007,2000,"9,864","$424,990",5145-37
0918403014,08/02/2013,"$260,000","1261 HAMILTON CT, IOWA CITY",1 Story Frame,1998,1457,"12,450","$401,350",5142-251
1012281001,06/03/2013,"$260,000","210 GREEN MOUNTAIN DR, IOWA CITY",2 Story Frame,1988,2358,"25,360","$511,650",5106-46
1014257004,07/12/2013,"$260,000","810 ROOSEVELT ST, IOWA CITY",1 1/2 Story Frame,1900,1418,"7,200","$334,110",5137-190
1017410001,07/22/2013,"$260,000","15 PENFRO DR, IOWA CITY",2 Story Frame,1977,2058,"9,000","$392,370",5138-156
1017430009,05/28/2013,"$260,000","1902 GRASLON DR, IOWA CITY",Split Foyer Frame,1975,1708,"10,404","$401,490",5097-243
1011433006,07/15/2013,"$261,000","1722 RIDGEWAY DR, IOWA CITY",Split Level Frame,1962,1275,"9,960","$379,150",5130-827
1004281003,05/03/2013,"$261,500","1830 MACKINAW DR, IOWA CITY",2 Story Frame,2008,1556,"6,875","$382,960",5087-53
1018209018,07/15/2013,"$262,000","702 GALWAY DR, IOWA CITY",1 Story Frame,2010,1354,"9,669","$369,990",5136-591
1024120004,07/10/2013,"$262,000","1850 RICHMOND LN, IOWA CITY",1 Story Frame,2012,1320,"8,775","$368,720",5126-16
0907388001,04/04/2013,"$265,000","103 CHARLES DR, IOWA CITY",2 Story Frame,2005,2152,"9,722","$390,680",5086-133
1011429001,05/01/2013,"$265,000","1917 ROCHESTER CT, IOWA CITY",1 Story Frame,1963,1828,"11,400","$457,590",5089-222
1011479007,06/14/2013,"$265,000","2018 DUNLAP CT, IOWA CITY",2 Story Frame,1914,2038,"12,338","$466,140",5110-745
1013493004,07/12/2013,"$265,000","1033 CHAMBERLAIN DR, IOWA CITY",2 Story Frame,2005,2004,"9,653","$419,890",5130-777
1018209014,07/25/2013,"$265,000","744 GALWAY DR, IOWA CITY",1 Story Frame,2007,1204,"9,634","$400,050",5138-213
1011376005,10/16/2013,"$266,450","1122 E WASHINGTON ST, IOWA CITY",2 Story Frame,2009,2160,"8,820","$426,890",5174-251
0907381012,10/16/2013,"$267,000","57 CHARLES DR, IOWA CITY",2 Story Frame,2004,2020,"8,688","$389,010",5173-391
1009283018,07/09/2013,"$267,800","927 RIDER ST, IOWA CITY",1 Story Frame,1950,952,"10,000","$380,350",5135-643
1012258003,02/14/2013,"$269,000","330 POST RD, IOWA CITY",1 Story Frame,1976,1924,"11,700","$454,380",5054-116
0907386013,05/15/2013,"$269,900","4080 RUTH ST, IOWA CITY",1 Story Frame,2011,1433,"7,200","$407,550",5094-744
1013497004,05/26/2013,"$269,900","3057 WINTERGREEN DR, IOWA CITY",1 Story Frame,2012,1430,"8,825","$384,580",5104-195
1004204004,07/02/2013,"$270,000","1936 MACKINAW DR, IOWA CITY",1 Story Frame,2010,1397,"19,423","$410,310",5126-297
1013417001,07/19/2013,"$270,000","1228 CHAMBERLAIN DR, IOWA CITY",2 Story Frame,2005,2304,"9,113","$425,720",5137-757
1113427001,09/11/2013,"$270,000","1408 PHOENIX DR, IOWA CITY",2 Story Frame,2002,1860,"11,520","$407,380",5161-100
0907366006,08/27/2013,"$272,500","61 PHYLLIS PL, IOWA CITY",1 Story Frame,2003,1455,"15,000","$403,010",5153-619
1013401019,10/18/2013,"$272,500","1123 HAMPTON CT, IOWA CITY",2 Story Frame,1992,2152,"9,313","$372,680",5173-611
1004204002,06/17/2013,"$272,750","1968 MACKINAW DR, IOWA CITY",1 Story Frame,2010,1413,"9,782","$393,060",5125-656
0907468002,04/26/2013,"$274,000","341 ARLINGTON DR, IOWA CITY",Split Level Frame,2012,1940,"8,485","$401,120",5082-852
1113476004,06/10/2013,"$274,000","3 GALLUP PL, IOWA CITY",2 Story Frame,1994,2146,"13,000","$410,080",5117-928
0907386012,04/02/2013,"$275,000","4060 RUTH ST, IOWA CITY",1 Story Frame,2011,1590,"7,200","$421,910",5077-524
0907386014,03/28/2013,"$275,000","4104 RUTH ST, IOWA CITY",1 Story Frame,2010,1462,"7,200","$405,900",5073-439
1016345002,03/04/2013,"$275,000","1034 WEEBER ST, IOWA CITY",2 Story Frame,1993,2136,"9,590","$431,150",5063-788
1018316001,04/26/2013,"$275,000","1006 PHEASANT VALLEY ST, IOWA CITY",1 Story Frame,1995,1693,"12,480","$431,190",5115-794
1017283001,06/28/2013,"$276,500","821 SPENCER DR, IOWA CITY",1 Story Frame,1982,1412,"14,175","$404,160",5138-254
0907258012,06/12/2013,"$277,000","3640 LOWER WEST BRANCH RD, IOWA CITY",1 Story Frame,2008,1523,"8,845","$404,430",5108-821
0918107002,06/05/2013,"$280,000","605 HUNTINGTON DR, IOWA CITY",1 Story Frame,2002,1657,"10,064","$431,010",5106-476
0918133002,06/09/2013,"$280,000","735 HUNTINGTON DR, IOWA CITY",1 Story Frame,2002,1643,"10,803","$420,930",5119-378
1003103014,09/23/2013,"$280,000","816 ST ANNES DR, IOWA CITY",1 1/2 Story Frame,1987,2474,"9,840","$416,340",5163-851
1014229010,07/30/2013,"$280,000","508 S SUMMIT ST, IOWA CITY",2 Story Frame,1900,2684,"9,280","$584,540",5141-628
1018305006,05/31/2013,"$280,000","3602 FOXANA DR, IOWA CITY",2 Story Frame,1989,1940,"11,205","$400,690",5102-541
0918108014,10/02/2013,"$282,000","4665 DRYDEN CT, IOWA CITY",1 Story Frame,2003,1643,"10,733","$473,570",5169-867
1014232008,08/30/2013,"$282,000","515 OAKLAND AVE, IOWA CITY",2 Story Frame,1925,1684,"7,000","$369,170",5154-522
1018201012,07/20/2013,"$282,000","457 GALWAY DR, IOWA CITY",Split Level Frame,1997,1793,"11,700","$382,850",5138-77
1113428002,04/02/2013,"$284,000","1345 PHOENIX DR, IOWA CITY",2 Story Frame,2001,2344,"9,000","$422,890",5072-796
0918146005,12/10/2013,"$285,000","4401 BUCKINGHAM LN, IOWA CITY",1 Story Frame,2005,1620,"12,320","$449,830",5190-113
0918182001,05/30/2013,"$285,000","12 SUTHERLAND PL, IOWA CITY",1 Story Frame,1996,1646,"14,900","$412,140",5124-878
1010285018,12/16/2013,"$285,000","313 N LINN ST, IOWA CITY",2 Story Frame,1915,1958,"4,000","$346,240",5193-138
1011157013,09/30/2013,"$285,000","1712 WINSTON DR, IOWA CITY",2 Story Frame,1979,2182,"11,045","$412,260",5168-75
1011319001,08/01/2013,"$285,000","1204 E WASHINGTON ST, IOWA CITY",2 Story Frame,1965,2076,"38,333","$434,700",5146-235
1113478010,05/10/2013,"$285,000","25 PHOENIX PL, IOWA CITY",2 Story Frame,1990,2468,"15,431","$421,050",5094-317
1012176052,04/27/2013,"$288,000","85 HERON CIR, IOWA CITY",2 Story Frame,1995,2542,"9,188","$501,870",5091-607
1010433007,06/17/2013,"$289,000","604 E IOWA AVE, IOWA CITY",2 Story Brick,1847,2114,"5,600","$452,120",5109-967
1013401005,10/10/2013,"$290,000","1170 HAMPTON CT, IOWA CITY",2 Story Frame,1990,2809,"13,662","$442,520",5170-300
1017435012,07/02/2013,"$292,000","1940 HAFOR DR, IOWA CITY",2 Story Frame,1976,2284,"12,257","$436,060",5137-314
1003304004,09/20/2013,"$293,000","1106 N DUBUQUE ST, IOWA CITY",2 Story Frame,1973,2588,"27,007","$450,450",5067-913
1017280002,03/20/2013,"$294,000","743 SPENCER DR, IOWA CITY",1 Story Frame,1984,1536,"11,475","$435,510",5070-485
1012418005,08/23/2013,"$296,500","3138 E WASHINGTON ST, IOWA CITY",1 Story Frame,2005,1632,"13,718","$492,220",5154-500
1018354001,05/13/2013,"$298,000","1226 GOLDENROD DR, IOWA CITY",Split Level Frame,1997,1951,"10,395","$387,030",5106-571
1018333002,04/25/2013,"$298,500","1205 GOLDENROD DR, IOWA CITY",Split Level Frame,1997,2126,"10,665","$440,250",5148-649
0907330005,07/25/2013,"$299,000","119 HUMMINGBIRD LN, IOWA CITY",1 Story Frame,2005,1591,"10,790","$437,970",5137-68
1113478008,07/01/2013,"$300,000","30 PHOENIX PL, IOWA CITY",2 Story Frame,1993,1980,"18,683","$449,670",5123-303
1017428002,08/15/2013,"$303,000","1845 KATHLIN DR, IOWA CITY",2 Story Frame,1973,2284,"11,032","$460,390",5146-110
1004336008,06/13/2013,"$305,000","651 WALKER CIR, IOWA CITY",2 Story Frame,2010,1720,"3,219","$475,690",5111-163
1011387001,12/02/2013,"$305,000","1123 E COLLEGE ST, IOWA CITY",2 Story Frame,1880,2704,"8,100","$451,740",5189-186
1014233002,06/25/2013,"$305,000","623 OAKLAND AVE, IOWA CITY",2 Story Frame,1923,1845,"5,740","$450,240",5139-517
1113408003,07/01/2013,"$308,000","1416 SANTA FE DR, IOWA CITY",2 Story Frame,1992,2304,"13,277","$435,910",5124-937
0918184004,05/20/2013,"$310,000","762 BARRINGTON RD, IOWA CITY",1 Story Frame,1999,1800,"10,153","$447,220",5096-449
0918403007,04/16/2013,"$310,000","1125 BARRINGTON RD, IOWA CITY",1 Story Frame,1996,1802,"12,879","$439,440",5078-230
1014102007,08/29/2013,"$310,000","419 2ND AVE, IOWA CITY",2 Story Frame,2006,2280,"9,000","$487,590",5155-310
1113428008,05/15/2013,"$310,000","4348 COUNTRY CLUB DR, IOWA CITY",2 Story Frame,2003,3365,"12,100","$458,860",5095-161
1018138001,12/20/2013,"$312,000","3404 IRELAND DR, IOWA CITY",1 Story Frame,2008,1631,"11,520","$462,680",5193-776
1015189002,04/19/2013,"$314,000","901 WALNUT ST, IOWA CITY",2 Story Frame,1900,2868,"17,515","$573,600",5081-900
1009103001,04/05/2013,"$315,000","427 FERSON AVE, IOWA CITY",2 Story Frame,1900,1568,"14,250","$466,730",5085-779
1018129002,09/16/2013,"$315,000","16 GALWAY PL, IOWA CITY",2 Story Brick,1991,2755,"15,423","$552,230",5162-646
1018313001,03/04/2013,"$315,000","3661 FOXANA DR, IOWA CITY",1 Story Frame,1994,1942,"11,948","$429,540",5064-556
0918142004,06/20/2013,"$317,000","4546 DRYDEN CT, IOWA CITY",2 Story Frame,2002,2331,"11,200","$452,090",5128-240
1018209011,07/10/2013,"$317,500","776 GALWAY DR, IOWA CITY",2 Story Frame,2009,1749,"13,813","$438,790",5137-354
1113456002,05/31/2013,"$319,900","1441 LAKE SHORE DR, IOWA CITY",1 Story Frame,2012,1503,"8,190","$438,670",5105-70
1113456003,06/18/2013,"$319,900","1453 LAKE SHORE DR, IOWA CITY",1 Story Frame,2012,1503,"7,998","$448,870",5128-682
0918182006,03/14/2013,"$320,000","934 BARRINGTON RD, IOWA CITY",1 Story Frame,1998,1818,"12,200","$478,980",5068-983
1002229005,06/28/2013,"$320,000","1157 OAKES DR, IOWA CITY",2 Story Frame,1986,2646,"53,143","$511,290",5124-716
1002234008,06/21/2013,"$320,000","2054 BRISTOL DR, IOWA CITY",2 Story Frame,2005,2246,"15,750","$489,380",5120-350
1004349009,12/13/2013,"$320,000","737 WALKER CIR, IOWA CITY",2 Story Frame,2011,1814,"3,850","$512,950",5190-443
1113433007,08/30/2013,"$320,000","4418 TEMPE PL, IOWA CITY",2 Story Frame,2006,2507,"12,857","$489,550",5156-132
1018334006,07/19/2013,"$322,000","31 LAREDO CT, IOWA CITY",1 Story Frame,1995,1812,"9,920","$440,020",5139-218
1012227003,05/30/2013,"$322,500","2530 BLUFFWOOD CIR, IOWA CITY",1 1/2 Story Frame,1988,1982,"22,610","$439,830",5106-103
1011460005,12/06/2013,"$325,000","1806 E COURT ST, IOWA CITY",1 Story Frame,1928,2196,"26,071","$584,400",5188-483
1018205011,05/31/2013,"$325,000","41 DONEGAL PL, IOWA CITY",1 Story Frame,1999,1890,"10,500","$454,730",5104-19
1009206005,07/01/2013,"$326,000","306 MULLIN AVE, IOWA CITY",Split Level Frame,1963,1698,"10,050","$589,900",5120-204
1112178001,06/05/2013,"$328,500","1001 RYAN CT, IOWA CITY",1 Story Frame,2012,1469,"7,583","$488,000",5106-271
1112104006,05/23/2013,"$329,900","1052 RYAN CT, IOWA CITY",2 Story Frame,2012,1928,"7,516","$466,630",5098-204
0918114005,11/19/2013,"$330,000","503 HUNTINGTON DR, IOWA CITY",1 Story Frame,2009,1556,"9,730","$478,220",5181-370
1018355004,07/19/2013,"$330,000","1309 GOLDENROD DR, IOWA CITY",2 Story Frame,1996,2180,"10,212","$440,650",5133-931
1018205010,09/30/2013,"$332,000","53 DONEGAL PL, IOWA CITY",1 Story Frame,1999,1863,"10,500","$466,480",5170-411
1018207004,12/18/2013,"$333,000","3704 DONEGAL CT, IOWA CITY",2 Story Frame,2001,2194,"9,768","$464,140",5194-988
0918142002,04/22/2013,"$334,000","4865 DRYDEN CT, IOWA CITY",1 Story Frame,2003,1865,"14,378","$522,810",5111-628
1001377018,04/30/2013,"$334,000","24 EVERGREEN PL, IOWA CITY",2 Story Frame,1990,2854,"18,238","$462,610",5094-162
1011438001,07/08/2013,"$335,000","30 ASHWOOD DR, IOWA CITY",1 Story Frame,1960,3417,"25,313","$652,410",5130-807
1016127002,10/03/2013,"$335,000","521 MELROSE AVE, IOWA CITY",2 Story Frame,1900,1544,"6,072","$408,310",5173-17
1017451019,07/12/2013,"$335,000","1851 FLANIGAN CT, IOWA CITY",2 Story Frame,1993,2406,"12,150","$511,770",5131-55
1009109014,04/25/2013,"$339,000","320 RIVER ST, IOWA CITY",1 1/2 Story Frame,1928,2377,"8,400","$502,100",5086-923
1010155005,07/17/2013,"$340,000","324 FAIRCHILD ST, IOWA CITY",2 Story Frame,1900,2380,"6,000","$597,530",5133-955
1018359004,03/29/2013,"$341,000","1333 PHEASANT VALLEY ST, IOWA CITY",2 Story Frame,2001,2510,"16,884","$493,140",5101-343
1112105004,05/30/2013,"$344,900","1011 RYAN CT, IOWA CITY",1 Story Frame,2012,1480,"7,583","$494,300",5107-830
1009151004,07/18/2013,"$345,000","242 MAGOWAN AVE, IOWA CITY",1 1/2 Story Frame,1900,2047,"9,000","$494,510",5141-865
1112104009,11/04/2013,"$345,000","1016 RYAN CT, IOWA CITY",1 Story Frame,2011,1469,"7,580","$482,390",5179-298
1113434004,05/13/2013,"$345,000","4471 TEMPE PL, IOWA CITY",2 Story Frame,2007,2543,"11,841","$513,230",5102-985
1018337005,06/25/2013,"$349,500","1136 GOLDENROD DR, IOWA CITY",1 Story Frame,2003,1807,"18,696","$503,670",5132-657
0918277020,07/03/2013,"$353,000","4112 KILBURNIE CT, IOWA CITY",1 Story Frame,2008,1839,"17,672","$499,640",5123-781
1009207007,09/20/2013,"$354,000","315 LEE ST, IOWA CITY",1 1/2 Story Frame,1931,2094,"12,000","$532,020",5162-296
1018354005,04/15/2013,"$355,000","1314 GOLDENROD DR, IOWA CITY",2 Story Frame,1999,2705,"13,268","$512,770",5088-338
1014132012,10/16/2013,"$359,500","437 GARDEN ST, IOWA CITY",2 Story Frame,1900,1862,"12,000","$472,460",5174-18
1018255004,01/24/2013,"$364,000","1035 PRAIRIE GRASS LN, IOWA CITY",1 Story Frame,2004,1899,"15,370","$648,500",5047-417
1014229001,07/01/2013,"$364,200","416 S SUMMIT ST, IOWA CITY",2 Story Frame,1920,2486,"7,830","$490,680",5136-361
0918103003,12/16/2013,"$367,500","4804 SOUTHCHASE CT, IOWA CITY",2 Story Frame,1998,2821,"22,952","$493,280",5190-390
1009257005,12/16/2013,"$367,500","1127 DILL ST, IOWA CITY",2 Story Frame,1911,2767,"34,560","$819,640",5197-943
0918278004,04/25/2013,"$369,900","4143 NEWCASTLE DR, IOWA CITY",1 Story Frame,2012,1690,"11,236","$519,560",5085-362
1011128005,02/08/2013,"$370,000","539 WOODRIDGE AVE, IOWA CITY",2 Story Frame,1993,2556,"18,450","$620,560",5052-96
1018133006,07/19/2013,"$371,000","55 KEARNEY CT, IOWA CITY",1 Story Frame,2001,1738,"20,536","$477,770",5131-374
1009280004,07/17/2013,"$372,000","1030 RIDER ST, IOWA CITY",1 Story Frame,1988,1961,"12,547","$571,510",5144-953
1010202011,11/01/2013,"$372,000","228 BROWN ST, IOWA CITY",2 Story Frame,1925,3443,"9,029","$478,910",5178-145
1009257009,06/03/2013,"$375,000","26 ROCKY SHORE DR, IOWA CITY",1 Story Frame,1967,1418,"15,776","$598,800",5111-264
1012154007,06/11/2013,"$375,000","3149 LOWER WEST BRANCH RD, IOWA CITY",2 Story Frame,2012,2434,"9,752","$537,230",5110-716
1010454010,08/21/2013,"$379,000","113 S JOHNSON ST, IOWA CITY",2 Story Frame,1895,3760,"6,000","$704,300",5149-889
0918140003,06/14/2013,"$379,900","4448 CUMBERLAND LN, IOWA CITY",1 Story Frame,2005,1893,"12,600","$494,130",5109-942
1011407006,11/06/2013,"$380,000","2032 RIDGEWAY DR, IOWA CITY",2 Story Frame,1973,2999,"20,175","$597,590",5178-279
1018344002,03/13/2013,"$380,000","1001 GOLDENROD DR, IOWA CITY",2 Story Frame,2004,3271,"12,485","$576,520",5068-829
1010157010,06/01/2013,"$382,000","418 N GILBERT ST, IOWA CITY",2 Story Brick,1890,2550,"3,600","$564,890",5109-381
1012155001,05/31/2013,"$382,000","3112 LOWER WEST BRANCH RD, IOWA CITY",2 Story Frame,2012,2678,"10,020","$565,120",5218-35
1018345010,05/30/2013,"$384,500","1030 GOLDENROD DR, IOWA CITY",2 Story Frame,2003,2976,"14,869","$548,910",5131-817
0918157010,04/16/2013,"$385,000","839 COVENTRY CT, IOWA CITY",1 Story Frame,1995,2720,"21,432","$596,240",5086-891
1004328017,10/24/2013,"$385,000","640 WALKER CIR, IOWA CITY",2 Story Frame,2012,1949,"10,580","$578,320",5175-493
0918277004,01/10/2013,"$387,500","4252 KILBURNIE CT, IOWA CITY",1 Story Frame,2006,1882,"22,792","$590,010",5040-294
1017385001,07/18/2013,"$387,500","2205 ABBEY LN, IOWA CITY",2 Story Frame,1983,3136,"28,375","$556,430",5142-101
0918106002,08/30/2013,"$390,000","622 HUNTINGTON DR, IOWA CITY",1 Story Frame,2000,1631,"12,600","$485,210",5155-326
1018343002,11/26/2013,"$394,000","1109 WILD PRAIRIE DR, IOWA CITY",2 Story Frame,2004,2470,"12,656","$558,570",5222-149
1113431004,08/20/2013,"$395,000","1004 FLAGSTAFF DR, IOWA CITY",2 Story Frame,2009,2843,"14,086","$588,270",5163-246
1009183005,11/18/2013,"$400,000","225 RICHARDS ST, IOWA CITY",2 Story Frame,1912,2348,"15,640","$562,500",5184-54
1011326002,05/15/2013,"$409,900","1301 ROCHESTER AVE, IOWA CITY",2 Story Brick,1928,2368,"11,040","$600,660",5093-607
1004328018,05/06/2013,"$415,000","650 WALKER CIR, IOWA CITY",2 Story Frame,2012,1937,"10,852","$596,310",5097-709
1018301004,08/01/2013,"$418,000","932 DUCK CREEK DR, IOWA CITY",1 1/2 Story Frame,1990,2980,"12,420","$590,400",5140-609
1017277004,08/09/2013,"$420,000","732 SPENCER DR, IOWA CITY",2 Story Frame,1986,3039,"16,625","$669,920",5149-214
1018346001,06/15/2013,"$420,000","940 HONEYSUCKLE DR, IOWA CITY",2 Story Frame,2005,2670,"12,702","$603,130",5113-10
1012313003,06/19/2013,"$425,000","48 GREEN MOUNTAIN DR, IOWA CITY",2 Story Frame,2000,2600,"12,144","$642,790",5116-452
1009152009,03/28/2013,"$433,000","214 HUTCHINSON AVE, IOWA CITY",1 1/2 Story Frame,1930,2131,"48,000","$666,480",5070-533
1015101009,05/16/2013,"$440,000","415 S SUMMIT ST, IOWA CITY",2 Story Frame,1879,3173,"15,120","$740,030",5092-843
0918110004,02/14/2013,"$450,000","4801 DRYDEN CT, IOWA CITY",2 Story Frame,2004,2934,"20,445","$629,740",5052-565
1009132006,05/23/2013,"$450,000","340 HUTCHINSON AVE, IOWA CITY",2 Story Frame,1945,2530,"12,000","$598,540",5099-246
0918183004,09/27/2013,"$465,000","4707 CANTERBURY CT, IOWA CITY",1 Story Frame,1998,3065,"19,541","$752,260",5166-393
1007234001,06/15/2013,"$465,000","839 KENNEDY PKWY, IOWA CITY",1 Story Frame,2007,2064,"13,674","$658,270",5116-585
1002278003,05/02/2013,"$470,000","1700 N DUBUQUE RD, IOWA CITY",1 Story Frame,1981,2991,"31,934","$656,620",5088-778
1004350004,06/28/2013,"$476,500","740 WALKER CIR, IOWA CITY",1 Story Frame,2011,1982,"16,876","$753,410",5120-920
1012232001,05/03/2013,"$482,500","2617 BLUFFWOOD CIR, IOWA CITY",2 Story Brick,1967,3174,"52,173","$653,630",5089-198
1007229003,08/31/2013,"$485,000","1059 MEADOWLARK DR, IOWA CITY",2 Story Frame,2011,2360,"10,625","$693,430",5244-228
1007256008,10/24/2013,"$485,000","883 CAMP CARDINAL RD, IOWA CITY",1 Story Frame,2007,1856,"11,490","$695,020",5174-140
1007204003,05/30/2013,"$493,000","30 ALDER CT, IOWA CITY",1 Story Frame,2002,1763,"43,734","$701,790",5102-492
1007202007,08/01/2013,"$499,900","25 SUMAC CT, IOWA CITY",1 Story Frame,2002,2650,"44,431","$939,410",5138-773
1007231002,09/05/2013,"$530,000","1066 ROBIN RD, IOWA CITY",1 Story Frame,2008,2036,"14,990","$747,640",5165-649
1007229002,06/11/2013,"$532,000","1073 MEADOWLARK DR, IOWA CITY",1 Story Frame,2011,2288,"10,625","$776,250",5117-768
1007231003,07/12/2013,"$550,000","1046 ROBIN RD, IOWA CITY",1 Story Frame,2006,2121,"15,345","$771,190",5128-314
1007302006,09/17/2013,"$550,000","417 BUTTERNUT LN, IOWA CITY",2 Story Frame,1995,3248,"46,609","$959,130",5162-576
1010204003,09/18/2013,"$552,500","721 N LINN ST, IOWA CITY",3 Story Frame,1924,4734,"6,400","$805,970",5162-660
1007305002,04/05/2013,"$560,000","343 BUTTERNUT LN, IOWA CITY",2 Story Brick,1994,3324,"49,223","$930,590",5076-602
1014236002,10/15/2013,"$570,000","624 S SUMMIT ST, IOWA CITY",2 Story Brick,1895,3072,"19,700","$761,870",5171-209
1003377002,02/21/2013,"$575,000*M","12 BELLA VISTA PL, IOWA CITY",2 Story Frame,1910,3794,"44,431","$845,610",5059-859
1009128005,04/04/2013,"$575,000","437 HUTCHINSON AVE, IOWA CITY",1 1/2 Story Frame,1938,2920,"15,000","$820,620",5077-356
1009183019,10/19/2013,"$588,000","119 RICHARDS ST, IOWA CITY",2 Story Frame,2009,3098,"11,921","$864,710",5175-434
1007252010,07/17/2013,"$600,000","953 MEADOWLARK DR, IOWA CITY",1 Story Frame,2006,2384,"16,568","$889,190",5146-312
1002428018,10/25/2013,"$615,000","33 HICKORY HEIGHTS LN, IOWA CITY",1 Story Frame,2006,2370,"40,420","$858,260",5175-455
1004486004,07/19/2013,"$625,000*M","404 PARK RD, IOWA CITY",2 Story Frame,1933,2887,"13,600","$949,320",5133-115
1007203007,05/19/2013,"$629,000","50 CRABAPPLE CT, IOWA CITY",2 Story Frame,2003,3311,"45,912","$936,040",5114-441
1004486004,05/24/2013,"$650,000*M","404 PARK RD, IOWA CITY",2 Story Frame,1933,2887,"13,600","$949,320",5101-814
1007230003,10/28/2013,"$650,000","715 KENNEDY PKWY, IOWA CITY",1 Story Frame,2008,2814,"17,691","$955,260",5176-615
1007203005,05/02/2013,"$655,000","84 CRABAPPLE CT, IOWA CITY",2 Story Frame,2002,3142,"46,435","$1,024,340",5095-560
1007203002,03/26/2013,"$1,175,000","47 CRABAPPLE CT, IOWA CITY",2 Story Frame,2006,5993,"49,789","$1,692,420",5071-725
